{"cameraMode":{"drawMode":0,"name":"Shaded","section":"Shading Mode"},"sceneLighting":false,"audioPlay":false,"sceneViewState":{"m_AlwaysRefresh":false,"showFog":false,"showSkybox":false,"showFlares":false,"showImageEffects":false,"showParticleSystems":false,"showVisualEffectGraphs":true,"m_FxEnabled":true},"in2DMode":false,"pivot":{"x":0.7683693170547485,"y":1.4401501417160035,"z":0.4710795283317566},"rotation":{"x":-0.013786478899419308,"y":0.9403948187828064,"z":-0.03839832544326782,"w":-0.33763259649276736},"size":0.1312330663204193,"orthographic":false}