{"cameraMode":{"drawMode":0,"name":"Shaded","section":"Shading Mode"},"sceneLighting":true,"audioPlay":false,"sceneViewState":{"m_AlwaysRefresh":false,"showFog":true,"showSkybox":true,"showFlares":true,"showImageEffects":true,"showParticleSystems":true,"showVisualEffectGraphs":true,"m_FxEnabled":true},"in2DMode":false,"pivot":{"x":39.95033264160156,"y":-1.5232406854629517,"z":52.512393951416019},"rotation":{"x":-0.17527449131011964,"y":-0.11108862608671189,"z":0.019879741594195367,"w":-0.9781254529953003},"size":11.1231050491333,"orthographic":false}